-- MySQL dump 10.13  Distrib 5.7.18, for Linux (x86_64)
--
-- Host: localhost    Database: fertilizer
-- ------------------------------------------------------
-- Server version	5.7.18-0ubuntu0.16.04.1

/*!40101 SET @OLD_CHARACTER_SET_CLIENT=@@CHARACTER_SET_CLIENT */;
/*!40101 SET @OLD_CHARACTER_SET_RESULTS=@@CHARACTER_SET_RESULTS */;
/*!40101 SET @OLD_COLLATION_CONNECTION=@@COLLATION_CONNECTION */;
/*!40101 SET NAMES utf8 */;
/*!40103 SET @OLD_TIME_ZONE=@@TIME_ZONE */;
/*!40103 SET TIME_ZONE='+00:00' */;
/*!40014 SET @OLD_UNIQUE_CHECKS=@@UNIQUE_CHECKS, UNIQUE_CHECKS=0 */;
/*!40014 SET @OLD_FOREIGN_KEY_CHECKS=@@FOREIGN_KEY_CHECKS, FOREIGN_KEY_CHECKS=0 */;
/*!40101 SET @OLD_SQL_MODE=@@SQL_MODE, SQL_MODE='NO_AUTO_VALUE_ON_ZERO' */;
/*!40111 SET @OLD_SQL_NOTES=@@SQL_NOTES, SQL_NOTES=0 */;

--
-- Table structure for table `district`
--

DROP TABLE IF EXISTS `district`;
/*!40101 SET @saved_cs_client     = @@character_set_client */;
/*!40101 SET character_set_client = utf8 */;
CREATE TABLE `district` (
  `district_id` int(10) unsigned NOT NULL AUTO_INCREMENT,
  `district_name` varchar(50) NOT NULL,
  PRIMARY KEY (`district_id`)
) ENGINE=InnoDB AUTO_INCREMENT=64 DEFAULT CHARSET=utf8;
/*!40101 SET character_set_client = @saved_cs_client */;

--
-- Dumping data for table `district`
--

LOCK TABLES `district` WRITE;
/*!40000 ALTER TABLE `district` DISABLE KEYS */;
INSERT INTO `district` VALUES (1,'কক্সবাজার'),(2,'কিশোরগঞ্জ'),(3,'কুড়িগ্রাম'),(4,'কুমিল্লা'),(5,'কুষ্টিয়া'),(6,'খুলনা'),(7,'খাগড়াছড়ি'),(8,'গাজীপুর'),(9,'গোপালগঞ্জ'),(10,'চট্রগ্রাম'),(11,'চুয়াডাংগা'),(12,'চাঁদপুর'),(13,'চাপাই নবাবগঞ্জ'),(14,'জয়পুরহাট'),(15,'ঝালকাঠি'),(16,'ঝিনাইদহ'),(17,'টাঙ্গাইল'),(18,'ঠাকুরগাঁও'),(19,'ঢাকা'),(20,'দিনাজপুর'),(21,'নওগাঁ'),(22,'নড়াইল'),(23,'নরসিংদী'),(24,'নাটোর'),(25,'নারায়নগঞ্জ'),(26,'নীলফামারী'),(27,'নেত্রকোনা'),(28,'গাইবান্ধা'),(29,'নোয়াখালী'),(30,'পঞ্চগড়'),(31,'পটুয়াখালি'),(32,'পাবনা'),(33,'পিরোজপুর'),(34,'ফরিদপুর'),(35,'ফেনী'),(36,'বগুড়া'),(37,'বরগুনা'),(38,'ব্রাক্ষণবাড়িয়া'),(39,'বরিশাল'),(40,'বাগেরহাট'),(41,'বান্দরবান'),(42,'ভোলা'),(43,'মুন্সীগঞ্জ'),(44,'ময়মনসিংহ'),(45,'মাগুরা'),(46,'মাদারীপুর'),(47,'মানিকগঞ্জ'),(48,'মেহেরপুর'),(49,'মৌলভীবাজার'),(50,'যশোর'),(51,'রংপুর'),(52,'রাংগামাটি'),(53,'রাজবাড়ী'),(54,'রাজশাহী'),(55,'লক্ষ্মীপুর'),(56,'লালমনিরহাট'),(57,'শরিয়তপুর'),(58,'শেরপুর'),(59,'সুনামগঞ্জ'),(60,'সাতক্ষীরা'),(61,'সিরাজগঞ্জ'),(62,'সিলেট'),(63,'হবিগঞ্জ');
/*!40000 ALTER TABLE `district` ENABLE KEYS */;
UNLOCK TABLES;

--
-- Table structure for table `tbl_category`
--

DROP TABLE IF EXISTS `tbl_category`;
/*!40101 SET @saved_cs_client     = @@character_set_client */;
/*!40101 SET character_set_client = utf8 */;
CREATE TABLE `tbl_category` (
  `category_id` int(10) unsigned NOT NULL AUTO_INCREMENT,
  `category_name` varchar(50) NOT NULL,
  PRIMARY KEY (`category_id`)
) ENGINE=InnoDB AUTO_INCREMENT=9 DEFAULT CHARSET=utf8;
/*!40101 SET character_set_client = @saved_cs_client */;

--
-- Dumping data for table `tbl_category`
--

LOCK TABLES `tbl_category` WRITE;
/*!40000 ALTER TABLE `tbl_category` DISABLE KEYS */;
INSERT INTO `tbl_category` VALUES (1,'আঁশ জাতীয় ফসল'),(2,'চিনি জাতীয় ফসল '),(3,'ডাল জাতীয় ফসল '),(4,'তৈল জাতীয় ফসল'),(5,'ফল জাতীয় ফসল'),(6,'মসলা জাতীয় ফসল'),(7,'শস্য জাতীয় ফসল'),(8,'শাক ও সবজি জাতীয় ফসল');
/*!40000 ALTER TABLE `tbl_category` ENABLE KEYS */;
UNLOCK TABLES;

--
-- Table structure for table `tbl_crops`
--

DROP TABLE IF EXISTS `tbl_crops`;
/*!40101 SET @saved_cs_client     = @@character_set_client */;
/*!40101 SET character_set_client = utf8 */;
CREATE TABLE `tbl_crops` (
  `crop_id` int(10) unsigned NOT NULL AUTO_INCREMENT,
  `category_id` int(10) unsigned NOT NULL,
  `crops` varchar(100) DEFAULT NULL,
  PRIMARY KEY (`crop_id`),
  KEY `category_id` (`category_id`)
) ENGINE=InnoDB AUTO_INCREMENT=80 DEFAULT CHARSET=utf8;
/*!40101 SET character_set_client = @saved_cs_client */;

--
-- Dumping data for table `tbl_crops`
--

LOCK TABLES `tbl_crops` WRITE;
/*!40000 ALTER TABLE `tbl_crops` DISABLE KEYS */;
INSERT INTO `tbl_crops` VALUES (1,1,'পাট (তোষা পাট-২(ও-৯৮৯৭),বিজেআরআই তোষা পাট-৩(ওএম-১)'),(2,1,'মেস্তা'),(3,1,'কার্পাস'),(4,3,'মসুর (বারি মসুর-১, ২, ৩, ৪)'),(5,3,'ছোলা (বারি সোলা-২, ৩, ৪, ৫, ৬ এবং বিনা সোলা-২)'),(6,3,'মুগ (বারি মুগ-২, ৩, ৪, ৫ বিনা মুগ-৪, ৫ এবং বাউ মুগ'),(9,4,'সরিষা (দৌলত, বারি সরিষা ৭, ৮, ১০, ১১, ১৩, রাই-৫'),(10,4,'তিল (বারি তিল-১, ২, ৩ এবং বিনা তিল-১)'),(11,4,'চীনাবাদাম(বারি চীনাবাদাম-৫, ৬ বিনা চীনাবাদাম-১, ২ ও ৩)'),(12,4,'সয়াবিন'),(13,4,'সূর্যমুখী (কিরনী (ডিএস-১))'),(14,4,'তিসি'),(15,4,'নাইজারনদী'),(16,8,'বাঁধাকপি(বারি বাঁধাকপি-১-প্রভাতি, বারি বাঁধাকপি-২-'),(17,8,'ফুলকপি (বারি ফুলকপি-১(রুপা) ও অন্যান্য জাত সমূহ)'),(18,8,'গাজর (সকল জাত সমূহ)'),(19,8,'ব্রোকলি'),(20,8,'টমেটো (মানিক, রতন, বারি টমেটো-৩, ৪, ৫, ৬, ৭, ৮, ৯,'),(21,8,'বেগুন (উত্তরা, তারাপুরী, কাজলা ও বারি বেগুন-৫(নয়নত'),(22,8,'ঢেঁড়স (বারি ঢেঁড়স-১ ও অন্যান্য জাত সমূহ)'),(23,8,'মুলা (বারি মুলা-১(তাসাকিসান মুলা), বারি মুলা-২(পিং'),(24,2,'ইক্ষু/আখ (সকল জাত সমূহ)'),(25,3,'মটরশুটি (বারি মটরশুটি-১, ২, ৩ এবং ইপ্সা মটরশুটি-১,'),(26,3,'মাসকলাই (বারি মাষ-১, ২, ৩ এবং বিনা মাষ-১)'),(28,8,'আলু (হীরা, আইলসা, ডায়মন্ট, কার্ডিনাল, বারি আলু-১১,'),(29,8,'সীম (সকল জাত সমূহ)'),(30,8,'বরবটি (সকল জাত সমূহ)'),(31,8,'মিষ্টিকুমড়া (সকল জাত সমূহ)'),(32,8,'লাউ (বারি লাউ-১ এবং অন্যান্য সকল জাত সমূহ)'),(43,5,'কলা (বারি কলা-১, ২ ও অন্যান্য জাত সমূহ)'),(44,5,'আম(বারি-১,২,৩, বারি-৪ (হাইব্রিড), বারি-৫,৬,৭,৮,৯ এ'),(46,5,'কাঁঠাল (বারি-১,২,বাউ-১ এবং অন্যান্য)'),(47,5,'পেয়ারা (কাজী,বারি-২,৩,৫,৭,বাউ-৮,৯ এবং অন্যান্য)'),(48,5,'লিচু (বারি-১,২,৩,৪, বাউ-২,৩,৪ এবং অন্যান্য)'),(49,5,'নারিকেল (বারি-১,২ এবং অন্যান্য)'),(51,5,'কমলা (বারি-১ এবং অন্যান্য)'),(52,5,'মাল্টা (বারি-১,বাউ-১)'),(54,5,'সাতকরা (বারি-১ এবং অন্যান্য)'),(56,5,'কুল (বাউ-১,২,৩ এবং অন্যান্য)'),(58,5,'দেশি আমড়া (বারি-২ এবং অন্যান্য)'),(59,6,'পেঁয়াজ (সকল জাত সমূহ)'),(60,6,'রসুন (সকল জাত সমূহ)'),(61,6,'মরিচ(বারি মরিচ-১ ও অন্যান্য সকল জাত সমূহ)'),(62,6,'হলুদ (ডিমলা, সিন্দুরী ও বারি হলুদ-৩)'),(63,6,'আদা (সকল জাত সমূহ)'),(64,7,'গম (সেচসহ) (কাঞ্চন, গৌরব, প্রতিভা, সৌরভ, অগ্রনী এব'),(65,7,'গম (বৃষ্টি নির্ভর) (কাঞ্চন, আকবর, গৌরব, প্রতিভা, স'),(66,7,'ভুট্টা (হাইব্রিড)'),(69,7,'রোপা আউশ (বিআর-৬, ২০, ২১ এবং ২৪)'),(70,7,'রোপা আউশ (বিআর-১, ২, ৩, ৭, ৮, ৯, ১৪, ১৬, ২৬ এবং ব্'),(71,7,'আউশ (স্থানীয় উন্নত জাত)'),(72,7,'রোপা আমন (বি আর-৪, ১০, ১১, ২২, ২৩, ব্রিধান-৩০, ৩১,'),(73,7,'রোপা আমন (বি আর-২৫, ব্রিধান-৩৩, ব্রিধান-৩৯ এবং বিন'),(74,7,'রোপা আমন (বি আর-৫, ব্রিধান-৩৪, ৩৭ এবং ৩৮)'),(75,7,'রোপা আমন (স্থানীয় উন্নত জাত)'),(76,7,'বোরো (ব্রিধান-২৯, বিনাধান-৬ এবং হাইব্রিড)'),(77,7,'বোরো (বিআর-৩, ৮, ৯, ১৪, ১৬, ১৭, ১৮, ১৯ এবং বিনাধান'),(79,7,'বোরো (স্থানীয় উন্নত জাত)');
/*!40000 ALTER TABLE `tbl_crops` ENABLE KEYS */;
UNLOCK TABLES;

--
-- Table structure for table `tbl_limits`
--

DROP TABLE IF EXISTS `tbl_limits`;
/*!40101 SET @saved_cs_client     = @@character_set_client */;
/*!40101 SET character_set_client = utf8 */;
CREATE TABLE `tbl_limits` (
  `id` int(10) unsigned NOT NULL AUTO_INCREMENT,
  `soil_id` int(11) DEFAULT NULL,
  `limits` varchar(10) NOT NULL,
  `csn` float NOT NULL,
  `lsn` float NOT NULL,
  `csp` float NOT NULL,
  `lsp` float NOT NULL,
  `csk` float NOT NULL,
  `lsk` float NOT NULL,
  `css` float NOT NULL,
  `lss` float NOT NULL,
  `cszn` float NOT NULL,
  `lszn` float NOT NULL,
  `csb` float NOT NULL,
  `lsb` float NOT NULL,
  PRIMARY KEY (`id`),
  KEY `soil_id` (`soil_id`)
) ENGINE=InnoDB AUTO_INCREMENT=13 DEFAULT CHARSET=utf8;
/*!40101 SET character_set_client = @saved_cs_client */;

--
-- Dumping data for table `tbl_limits`
--

LOCK TABLES `tbl_limits` WRITE;
/*!40000 ALTER TABLE `tbl_limits` DISABLE KEYS */;
INSERT INTO `tbl_limits` VALUES (1,1,'vl',0.09,0,7.5,0,0.09,0,7.5,0,0.45,0,0.15,0),(2,1,'l',0.09,0.091,7.5,7.51,0.09,0.091,7.5,7.51,0.45,0.451,0.15,0.151),(3,1,'m',0.09,0.181,7.5,15.1,0.09,0.181,7.5,15.1,0.45,0.91,0.15,0.31),(4,1,'o',0.09,0.271,7.5,22.51,0.09,0.271,7.5,22.51,0.45,1.351,0.15,0.451),(5,2,'vl',0.075,0,6,0,0.06,0,6,0,0.375,0,0.12,0),(6,2,'l',0.075,0.076,6,6.1,0.06,0.061,6,6.1,0.375,0.376,0.12,0.121),(7,2,'m',0.075,0.151,6,12.1,0.06,0.121,6,12.1,0.375,0.751,0.12,0.241),(8,2,'o',0.075,0.227,6,18.1,0.06,0.181,6,18.1,0.375,1.126,0.12,0.361),(9,3,'vl',0.09,0,6,0,0.075,0,9,0,0.45,0,0.15,0),(10,3,'l',0.09,0.091,6,6.1,0.075,0.076,9,9.1,0.45,0.451,0.15,0.151),(11,3,'m',0.09,0.181,6,12.1,0.075,0.151,9,18.1,0.45,0.91,0.15,0.31),(12,3,'o',0.09,0.271,6,18.1,0.075,0.226,9,27.1,0.45,1.351,0.15,0.451);
/*!40000 ALTER TABLE `tbl_limits` ENABLE KEYS */;
UNLOCK TABLES;

--
-- Table structure for table `tbl_methods`
--

DROP TABLE IF EXISTS `tbl_methods`;
/*!40101 SET @saved_cs_client     = @@character_set_client */;
/*!40101 SET character_set_client = utf8 */;
CREATE TABLE `tbl_methods` (
  `id` int(10) unsigned NOT NULL AUTO_INCREMENT,
  `crop_id` int(10) unsigned NOT NULL,
  `tbl_methods` varchar(200) NOT NULL,
  PRIMARY KEY (`id`),
  KEY `crop_id` (`crop_id`)
) ENGINE=MyISAM AUTO_INCREMENT=42 DEFAULT CHARSET=utf8;
/*!40101 SET character_set_client = @saved_cs_client */;

--
-- Dumping data for table `tbl_methods`
--

LOCK TABLES `tbl_methods` WRITE;
/*!40000 ALTER TABLE `tbl_methods` DISABLE KEYS */;
INSERT INTO `tbl_methods` VALUES (1,1,'১ম কিস্তি অর্ধেক সার জমি তৈরীর সময়, ২য় কিস্তি বীজ বপনের ৪০-৫০ দিন পর জমি স্যাঁতস্যাঁতে থাকা অবস্থায় দিতে হবে।'),(2,2,'১ম কিস্তি অর্ধেক সার জমি তৈরীর সময়, ২য় কিস্তি বীজ বপনের ৪০-৫০ দিন পর জমির উপরে দিতে হবে।'),(3,3,'১ম কিস্তি অর্ধেক সার জমি তৈরীর সময়, ২য় কিস্তি বীজ বপনের ৪০-৫০ দিন পর জমির উপরে দিতে হবে।'),(4,66,'১ম কিস্তি বীজ বপনের পূর্বে, ২য় কিস্তি ও ৩য় কিস্তি বীজ বপনের ৩০-৩৫ দিন ও ৫০-৬০ দিন পর।'),(5,9,'১ম কিস্তি জমি তৈরীর সময়, ২য় কিস্তি বীজ বপনের ২৫-৩০ দিন পর।'),(6,10,'১ম কিস্তি জমি তৈরীর সময়, ২য় কিস্তি বীজ বপনের ২৫-৩০ দিন পর।'),(9,11,'১ম কিস্তি জমি তৈরীর সময়, ২য় কিস্তি ফুল আসার সময়'),(10,13,'১ম কিস্তি জমি তৈরীর সময়, ২য় কিস্তি বীজ বপনের ২০-২৫ দিন পর, ৩য় কিস্তি ৪০-৪৫ দিন পর।'),(11,14,'১ম কিস্তি জমি তৈরীর সময়, ২য় কিস্তি বীজ বপনের ২০ দিন পর।'),(12,14,'১ম কিস্তি জমি তৈরীর সময়, ২য় কিস্তি বীজ বপনের ২০-২৫ দিন পর'),(13,28,'১ম কিস্তি জমি তৈরীর সময়, ২য় কিস্তি বীজ বপনের ৩০-৩৫ দিন পর'),(14,16,'দুই কিস্তিতে যথাক্রমে চারা রোপনের ১৫ এবং ৩৫ দিন পর।'),(15,17,'সমান তিন কিস্তিতে যথাক্রমে চারা রোপনের ১০-১৫, ৩০ এবং ৫০ দিন পর।'),(16,19,'সমান তিন কিস্তিতে যথাক্রমে চারা রোপনের ১৫, ৩০ এবং ৪৫ দিন পর।'),(17,20,'সমান তিন কিস্তিতে যথাক্রমে চারা রোপনের ২০, ৪০ এবং ৬০ দিন পর।'),(18,21,'তিন কিস্তিতে যথাক্রমে চারা রোপনের ২০, ৪০ ও ৬০ দিন পর।'),(19,22,'তিন কিস্তিতে যথাক্রমে চারা রোপনের ২০, ৪০ ও ৬০ দিন পর।'),(20,23,'দুই কিস্তিতে যথাক্রমে চারা রোপনের ২১ এবং ৩৫ দিন পর।'),(21,18,'১ম কিস্তি জমি তৈরীর সময়, ২য় ও ৩য় কিস্তি বীজ বপনের ৩য় ও ৫ম সপ্তাহে।'),(22,29,'১ম কিস্তি জমি তৈরীর সময়, ২য় কিস্তি বীজ বপনের ২৫-৩০ দিন পর'),(23,30,'দুটি কিস্তি যথাক্রমে চারা গজানোর ২ এবং ৪ সপ্তাহ পর।'),(24,31,'চার কিস্তিতে যথাক্রমে চারা রোপনের ১৫, ৩৫, ৫৫ ও ৭৫ দিন পর।'),(25,32,'চার কিস্তিতে যথাক্রমে চারা রোপনের ১৫, ৩৫, ৫৫ ও ৭৫ দিন পর।'),(26,59,'১ম কিস্তি অর্ধেক সার জমি তৈরীর সময়, ২য় ও ৩য় কিস্তিতে যথাক্রমে ১৫ এবং ৩৫ দিন পর'),(27,60,'১ম কিস্তি অর্ধেক সার জমি তৈরীর সময়, ২য় কিস্তি প্রথম নিড়ানি দেয়ার সময়।'),(28,61,'১ম কিস্তি অর্ধেক সার জমি তৈরীর সময়, তিন কিস্তিতে যথাক্রমে চারা রোপনের ২০, ৪০ ও ৬০ দিন পর'),(29,24,'১ম কিস্তি অর্ধেক সার জমি তৈরীর সময়, বাকি কিস্তি চারা লাগানোর ১২০-১৫০ দিনের মধ্যে প্রয়োগ করতে হবে।'),(30,73,'১ম কিস্তি- চারা রোপনের ১০-১৫ দিন পর, ২য় কিস্তি- কুশি গজানোর সময় এবং ৩য় কিস্তি- কাইচ থোড় আসার ৫-৭ দিন পূর্বে ছিটিয়ে দিতে হবে।'),(31,77,'১ম কিস্তি- চারা রোপনের ১০-১৫ দিন পর, ২য় কিস্তি- কুশি গজানোর সময়, ৩য় কিস্তি- কাইচ থোড় আসার ৫-৭ দিন পূর্বে ছিটিয়ে দিতে হবে।'),(32,76,'১ম কিস্তি- চারা রোপনের ১০-১৫ দিন পর, ২য় কিস্তি- কুশি গজানোর সময়, ৩য় কিস্তি- কাইচ থোড় আসার ৫-৭ দিন পূর্বে ছিটিয়ে দিতে হবে।'),(33,75,'১ম কিস্তি- চারা রোপনের ১০-১৫ দিন পর, ২য় কিস্তি- কুশি গজানোর সময় এবং ৩য় কিস্তি- কাইচ থোড় আসার ৫-৭ দিন পূর্বে ছিটিয়ে দিতে হবে।'),(34,64,'ম কিস্তি অর্ধেক সার জমি তৈরীর সময়, বাকি কিস্তি চারা লাগানোর ১৭-২১ দিনের মধ্যে প্রয়োগ করতে হবে।'),(35,65,'১ম কিস্তি অর্ধেক সার জমি তৈরীর সময়, বাকি কিস্তি চারা লাগানোর ১৭-৪০ দিনের মধ্যে প্রয়োগ করতে হবে।'),(36,69,'১ম কিস্তি- চারা রোপনের ১০-১৫ দিন পর, ২য় কিস্তি- কুশি গজানোর সময়, ৩য় কিস্তি- কাইচ থোড় আসার ৫-৭ দিন পূর্বে ছিটিয়ে দিতে হবে।'),(37,74,'১ম কিস্তি- চারা রোপনের ১০-১৫ দিন পর, ২য় কিস্তি- কুশি গজানোর সময় এবং ৩য় কিস্তি- কাইচ থোড় আসার ৫-৭ দিন পূর্বে ছিটিয়ে দিতে হবে।'),(38,71,'১ম কিস্তি- কুশি গজানোর শুরুতে এবং ২য় কিস্তি- কাইচ থোড় আসার ৫-৭ দিন পূর্বে ছিটিয়ে দিতে হবে।'),(39,72,'১ম কিস্তি- চারা রোপনের ১০-১৫ দিন পর, ২য় কিস্তি- কুশি গজানোর সময় এবং ৩য় কিস্তি- কাইচ থোড় আসার ৫-৭ দিন পূর্বে ছিটিয়ে দিতে হবে।'),(40,70,'১ম কিস্তি- চারা রোপনের ১০-১৫ দিন পর, ২য় কিস্তি- কুশি গজানোর সময়, ৩য় কিস্তি- কাইচ থোড় আসার ৫-৭ দিন পূর্বে ছিটিয়ে দিতে হবে।'),(41,79,'১ম কিস্তি- চারা রোপনের ১০-১৫ দিন পর, ২য় কিস্তি- কুশি গজানোর সময়, ৩য় কিস্তি- কাইচ থোড় আসার ৫-৭ দিন পূর্বে ছিটিয়ে দিতে হবে।');
/*!40000 ALTER TABLE `tbl_methods` ENABLE KEYS */;
UNLOCK TABLES;

--
-- Table structure for table `tbl_sai`
--

DROP TABLE IF EXISTS `tbl_sai`;
/*!40101 SET @saved_cs_client     = @@character_set_client */;
/*!40101 SET character_set_client = utf8 */;
CREATE TABLE `tbl_sai` (
  `id` int(10) unsigned NOT NULL AUTO_INCREMENT,
  `crop_id` int(10) unsigned NOT NULL,
  `sai` varchar(10) NOT NULL,
  `nuf` float NOT NULL,
  `nci` float NOT NULL,
  `puf` float NOT NULL,
  `pci` float NOT NULL,
  `kuf` float NOT NULL,
  `kci` float NOT NULL,
  `suf` float NOT NULL,
  `sci` float NOT NULL,
  `znuf` float NOT NULL,
  `znci` float NOT NULL,
  `buf` float NOT NULL,
  `bci` float NOT NULL,
  PRIMARY KEY (`id`),
  KEY `crop_id` (`crop_id`)
) ENGINE=InnoDB AUTO_INCREMENT=185 DEFAULT CHARSET=utf8;
/*!40101 SET character_set_client = @saved_cs_client */;

--
-- Dumping data for table `tbl_sai`
--

LOCK TABLES `tbl_sai` WRITE;
/*!40000 ALTER TABLE `tbl_sai` DISABLE KEYS */;
INSERT INTO `tbl_sai` VALUES (1,1,'o',25,25,4,4,13,13,5,5,0,0,0,0),(2,1,'m',50,25,8,4,26,13,10,5,1.5,1.5,0,0),(3,1,'l',75,25,12,4,39,13,15,5,3,1.5,0,0),(4,1,'vl',100,25,16,4,52,13,20,5,4.5,1.5,0,0),(5,2,'o',25,25,5,5,11,11,0,0,0,0,0,0),(6,2,'m',50,25,10,5,22,11,0,0,0,0,0,0),(7,2,'l',75,25,15,5,33,11,0,0,0,0,0,0),(8,2,'vl',100,25,20,5,44,11,0,0,0,0,0,0),(9,3,'o',30,30,6,6,17,17,0,0,0,0,0,0),(10,3,'m',60,30,12,6,34,17,0,0,0,0,0,0),(11,3,'l',90,30,18,6,51,17,0,0,0,0,0,0),(12,3,'vl',120,30,24,6,68,17,0,0,0,0,0,0),(13,4,'o',6,6,8,8,10,10,6,6,0,0,0,0),(14,4,'m',12,6,16,8,20,10,12,6,1,1,0.5,0.5),(15,4,'l',18,6,24,8,30,10,18,6,2,1,1,0.5),(16,4,'vl',24,6,32,8,40,10,24,6,3,1,1.5,0.5),(17,5,'o',11,11,8,8,15,15,7,7,0,0,0,0),(18,5,'m',22,11,16,8,30,15,14,7,1,1,0.5,0.5),(19,5,'l',33,11,24,8,45,15,21,7,2,1,1,0.5),(20,5,'vl',44,11,32,8,60,15,28,7,3,1,1.5,0.5),(21,6,'o',6,6,9,9,12,12,6,6,0,0,0,0),(22,6,'m',12,6,18,9,24,12,12,6,1,1,0.5,0.5),(23,6,'l',18,6,27,9,36,12,18,6,2,1,1,0.5),(24,6,'vl',24,6,32,4,48,12,24,6,3,1,1.5,0.5),(25,9,'o',40,40,12,12,30,30,9,9,0,0,0,0),(26,9,'m',80,40,24,12,60,30,18,9,1.5,1.5,0.5,0.5),(27,9,'l',120,40,36,12,90,30,27,9,3,1.5,1,0.5),(28,9,'vl',160,40,48,12,120,30,36,9,4.5,1.5,1.5,0.5),(29,10,'o',26,26,9,9,16,16,7,7,0,0,0,0),(30,10,'m',52,26,18,9,32,16,14,7,1.3,1.3,0.5,0.5),(31,10,'l',78,26,27,9,48,16,21,7,2.6,1.3,1,0.5),(32,10,'vl',104,26,36,9,64,16,28,7,3.9,1.3,1.5,0.5),(33,11,'o',15,15,12,12,20,20,12,12,0,0,0,0),(34,11,'m',30,15,24,12,40,20,24,12,1,1,0.7,0.7),(35,11,'l',45,15,36,12,60,20,36,12,2,1,1.4,0.7),(36,11,'vl',60,15,48,12,80,20,48,12,3,1,2.1,0.7),(37,12,'o',8,8,10,10,20,20,5,5,0,0,0,0),(38,12,'m',16,8,20,10,40,20,10,5,1,1,0.5,0.5),(39,12,'l',24,8,30,10,60,20,15,5,2,1,1,0.5),(40,12,'vl',32,8,40,10,80,20,20,5,3,1,1.5,0.5),(41,13,'o',43,43,12,12,20,20,7,7,0,0,0,0),(42,13,'m',86,43,24,12,40,20,14,7,1,1,0.8,0.8),(43,13,'l',129,43,32,12,60,20,21,7,2,1,1.6,0.8),(44,13,'vl',172,43,48,12,80,20,28,7,3,1,2.4,0.8),(45,14,'o',15,15,5,5,8,8,3,3,0,0,0,0),(46,14,'m',30,15,10,5,16,8,6,3,0,0,0,0),(47,14,'l',45,15,15,5,24,8,9,3,0,0,0,0),(48,14,'vl',60,15,20,5,32,8,12,3,0,0,0,0),(49,15,'o',15,15,5,5,8,8,3,3,0,0,0,0),(50,15,'m',30,15,10,5,16,8,6,3,0,0,0,0),(51,15,'l',45,15,15,5,24,8,9,3,0,0,0,0),(52,15,'l',60,15,20,5,32,8,12,3,0,0,0,0),(53,16,'o',60,60,22,22,25,25,8,8,0,0,0,0),(54,16,'m',120,60,44,22,50,25,16,8,1.5,1.5,0.5,0.5),(55,16,'l',180,60,66,22,75,25,24,8,3,1.5,1,0.5),(56,16,'vl',240,60,88,22,100,25,32,8,4.5,1.5,1.5,0.5),(57,17,'o',40,40,20,20,38,38,7,7,0,0,0,0),(58,17,'m',80,40,40,20,76,38,14,7,1.5,1.5,0.3,0.3),(59,17,'l',120,40,60,20,104,38,21,7,3,1.5,0.6,0.3),(60,17,'vl',160,40,80,20,152,38,28,7,4.5,1.5,0.9,0.3),(61,18,'o',40,40,13,13,30,30,8,8,0,0,0,0),(62,18,'m',80,40,26,13,60,30,16,8,0,0,0,0),(63,18,'l',80,40,26,13,60,30,24,8,0,0,0,0),(64,18,'vl',120,40,39,13,90,30,32,8,0,0,0,0),(65,19,'o',35,35,12,12,20,20,6,6,0,0,0,0),(66,19,'m',70,35,24,12,40,20,12,6,1,1,0.6,0.6),(67,19,'l',105,35,36,12,60,20,18,6,2,1,1.2,0.6),(68,19,'vl',140,35,48,12,80,20,24,6,3,1,1.8,0.6),(69,20,'o',45,45,15,15,25,25,5,5,0,0,0,0),(70,20,'m',90,45,30,15,50,25,10,5,1,1,0.5,0.5),(71,20,'l',135,45,45,15,75,25,15,5,2,1,1,0.5),(72,20,'vl',180,45,60,15,100,25,20,5,3,1,1.5,0.5),(73,21,'o',40,40,12,12,30,30,5,5,0,0,0,0),(74,21,'m',80,40,28,12,60,30,10,5,1,1,0.5,0.5),(75,21,'l',120,40,36,12,90,30,15,5,2,1,1,0.5),(76,21,'vl',160,40,48,12,120,30,20,5,3,1,1.5,0.5),(77,22,'o',30,30,10,10,20,20,5,5,0,0,0,0),(78,22,'m',60,30,20,10,40,20,10,5,1,1,0.7,0.7),(79,22,'l',90,30,30,10,60,20,15,5,2,1,1.4,0.7),(80,22,'vl',120,30,40,10,80,20,20,5,3,1,2.1,0.7),(81,23,'o',50,50,15,15,40,40,8,8,0,0,0,0),(82,23,'m',100,50,30,15,80,40,16,8,1.5,1.5,0,0),(83,23,'l',150,50,45,15,120,40,24,8,3,1.5,0,0),(84,23,'vl',200,50,60,15,160,40,32,8,4.5,1.5,0,0),(85,25,'o',16,16,8,8,10,10,4,4,0,0,0,0),(86,25,'m',32,16,16,8,20,10,8,4,0.7,0.7,0,0),(87,25,'l',48,16,24,8,30,10,12,4,1.4,0.7,0,0),(88,25,'vl',64,16,32,8,40,10,16,4,2.1,0.7,0,0),(89,26,'o',6,6,5,5,6,6,3,3,0,0,0,0),(90,26,'m',12,6,10,5,12,6,6,3,0,0,0,0),(91,26,'l',18,6,15,5,18,6,9,3,0,0,0,0),(92,26,'vl',24,6,20,5,24,6,12,3,0,0,0,0),(93,28,'o',45,45,10,10,45,45,5,5,0,0,0,0),(94,28,'m',90,45,20,10,90,45,10,5,2,2,0.5,0.5),(95,28,'l',135,45,30,10,135,45,15,5,4,2,1,0.5),(96,28,'vl',180,45,40,10,180,45,20,5,6,2,1.5,0.5),(97,29,'o',15,15,10,10,15,15,3,3,0,0,0,0),(98,29,'m',30,15,20,10,30,15,6,3,1,1,0,0),(99,29,'l',45,15,30,10,45,15,9,3,2,1,0,0),(100,29,'vl',60,15,40,10,60,15,12,3,3,1,0,0),(101,30,'o',6,6,9,9,11,11,3,3,0,0,0,0),(102,30,'m',12,6,18,9,22,11,6,3,0.6,0.6,0.6,0.6),(103,30,'l',18,6,27,9,33,11,9,3,1.2,0.6,1.2,0.6),(104,30,'vl',24,6,26,9,44,11,12,3,2,0.6,2,0.6),(105,31,'o',25,25,12,12,20,20,7,7,0,0,0,0),(106,31,'m',50,25,24,12,40,20,14,7,1,1,0.7,0.7),(107,31,'l',75,25,36,12,60,20,21,7,2,1,1.4,0.7),(108,31,'vl',100,25,48,12,80,20,28,7,3,1,2.1,0.7),(109,32,'o',25,25,12,12,20,20,7,7,0,0,0,0),(110,32,'m',50,25,24,12,40,20,14,7,1,1,0.7,0.7),(111,32,'l',75,25,36,12,60,20,21,7,2,1,1.4,0.7),(112,32,'vl',100,25,48,12,80,20,28,7,3,1,2.1,0.7),(113,59,'o',30,30,15,15,40,40,10,10,0,0,0,0),(114,59,'m',60,30,30,15,80,40,20,10,1.5,1.5,0.7,0.7),(115,59,'l',90,30,45,15,120,40,30,10,3,1.5,1.4,0.7),(116,59,'vl',120,30,60,15,160,40,40,10,4.5,1.5,2.1,0.7),(117,60,'o',38,38,16,16,30,30,15,15,1,1,1,1),(118,60,'m',76,38,32,16,60,30,30,15,2,1,2,1),(119,60,'l',114,38,48,16,90,30,45,15,3,1,3,1),(120,60,'vl',152,38,64,16,120,30,60,15,3,1,3,1),(121,61,'o',32,32,19,19,32,32,5,5,0.5,0.5,0,0),(122,61,'m',64,32,38,19,64,32,10,5,1,0.5,0.5,0.5),(123,61,'l',96,32,57,19,96,32,15,5,1.5,0.5,1,0.5),(124,61,'vl',128,32,76,19,128,32,20,5,2,0.5,1.5,0.5),(125,62,'o',40,40,12,12,35,35,5,5,0,0,0,0),(126,62,'m',80,40,24,12,70,35,10,5,1.5,1.5,0,0),(127,62,'l',120,40,36,12,105,35,15,5,3,1.5,0,0),(128,62,'vl',160,40,48,12,140,35,20,5,4.5,1.5,0,0),(129,63,'o',40,40,15,15,40,40,5,5,0,0,0,0),(130,63,'m',80,40,30,15,80,40,10,5,1.5,1.5,0.5,0.5),(131,63,'l',120,40,45,15,120,40,15,5,3,1.5,1,0.5),(132,63,'vl',160,40,60,15,160,40,20,5,4.5,1.5,1.5,0.5),(133,64,'o',40,40,10,10,30,30,5,5,0,0,0,0),(134,64,'m',80,40,20,10,60,30,10,5,1.3,1.3,0.5,0.5),(135,64,'l',120,40,30,10,90,30,15,5,2.6,1.3,1,0.5),(136,64,'vl',160,40,40,10,120,30,20,5,3.9,1.3,1.5,0.5),(137,65,'o',15,15,5,5,12,12,2.5,2.5,0,0,0,0),(138,65,'m',30,15,10,5,24,12,5,2.5,0,0,0.4,0.4),(139,65,'l',45,15,15,5,36,12,7.5,2.5,1,1,0.8,0.4),(140,65,'vl',60,15,20,5,48,12,10,2.5,2,1,1.2,0.4),(141,66,'o',50,50,16,16,32,32,10,10,0,0,0,0),(142,66,'m',100,50,32,16,64,32,20,10,1.4,1.4,0.7,0.7),(143,66,'l',150,50,48,16,96,32,30,10,2.8,1.4,1.4,0.7),(144,66,'vl',200,50,64,16,128,32,40,10,4.2,1.4,2.1,0.7),(145,69,'o',17,17,4,4,11,11,3,3,0,0,0,0),(146,69,'m',34,17,8,4,22,11,6,3,0.6,0.6,0,0),(147,69,'l',51,17,12,4,33,11,9,3,1.2,0.6,0,0),(148,69,'vl',68,17,16,4,44,11,12,3,1.8,0.6,0,0),(149,70,'o',25,25,5,5,15,15,3,3,0,0,0,0),(150,70,'m',50,25,10,5,30,15,6,3,0.6,0.6,0,0),(151,70,'l',75,25,15,5,45,15,9,3,1.2,0.6,0,0),(152,70,'vl',100,25,20,5,60,15,12,3,1.8,0.6,0,0),(153,71,'o',10,10,3,3,8,8,2,2,0,0,0,0),(154,71,'m',20,10,6,3,16,8,4,2,0.5,0.5,0,0),(155,71,'l',30,10,9,3,24,8,6,2,1,0.5,0,0),(156,71,'vl',40,10,12,3,32,8,8,2,1.5,0.5,0,0),(157,72,'o',30,30,5,5,20,20,4,4,0,0,0,0),(158,72,'m',60,30,10,5,40,20,8,4,0.7,0.7,0,0),(159,72,'l',90,30,15,5,60,20,12,4,1.4,0.7,0,0),(160,72,'vl',120,30,20,5,80,20,16,4,2.1,0.7,0,0),(161,73,'o',20,20,4,4,20,20,3,3,0,0,0,0),(162,73,'m',40,20,8,4,40,20,6,3,0.6,0.6,0,0),(163,73,'l',60,20,12,4,60,20,9,3,1.2,0.6,0,0),(164,73,'vl',80,20,16,4,80,20,12,3,1.8,0.6,0,0),(165,74,'o',13,13,3,3,15,15,3,3,0,0,0,0),(166,74,'m',26,13,6,3,30,15,6,3,0.5,0.5,0,0),(167,74,'l',39,13,9,3,45,15,9,3,1,0.5,0,0),(168,74,'vl',52,13,12,3,60,15,12,3,1.5,0.5,0,0),(169,75,'o',15,15,3,3,11,11,3,3,0,0,0,0),(170,75,'m',30,15,6,3,22,11,6,3,0.5,0.5,0,0),(171,75,'l',45,15,9,3,9,11,9,3,1,0.5,0,0),(172,75,'vl',60,15,12,3,44,11,12,3,1.5,0.5,0,0),(173,76,'o',50,50,8,8,33,33,6,6,0,0,0,0),(174,76,'m',100,50,16,8,66,33,12,6,1.3,1.3,0,0),(175,76,'l',150,50,24,8,99,33,18,6,2.6,1.3,0,0),(176,76,'vl',200,50,32,8,132,33,24,6,3.9,1.3,0,0),(177,77,'o',45,45,7,7,30,30,5,5,0,0,0,0),(178,77,'m',90,45,14,7,60,30,10,5,1,1,0,0),(179,77,'l',135,45,21,7,90,30,15,5,2,1,0,0),(180,77,'vl',180,45,28,7,120,30,20,5,3,1,0,0),(181,79,'o',23,23,4,4,14,14,3,3,0,0,0,0),(182,79,'m',46,23,8,4,28,14,6,3,0.6,0.6,0,0),(183,79,'l',69,23,12,4,42,14,9,3,1.2,0.6,0,0),(184,79,'vl',92,23,16,4,56,14,12,3,1.8,0.6,0,0);
/*!40000 ALTER TABLE `tbl_sai` ENABLE KEYS */;
UNLOCK TABLES;

--
-- Table structure for table `upazilla`
--

DROP TABLE IF EXISTS `upazilla`;
/*!40101 SET @saved_cs_client     = @@character_set_client */;
/*!40101 SET character_set_client = utf8 */;
CREATE TABLE `upazilla` (
  `upazila_id` int(10) unsigned NOT NULL AUTO_INCREMENT,
  `district_id` int(10) unsigned NOT NULL,
  `aez_id` int(10) unsigned NOT NULL,
  `upazila_name` varchar(30) NOT NULL,
  PRIMARY KEY (`upazila_id`),
  KEY `district_id` (`district_id`)
) ENGINE=InnoDB AUTO_INCREMENT=472 DEFAULT CHARSET=utf8;
/*!40101 SET character_set_client = @saved_cs_client */;

--
-- Dumping data for table `upazilla`
--

LOCK TABLES `upazilla` WRITE;
/*!40000 ALTER TABLE `upazilla` DISABLE KEYS */;
INSERT INTO `upazilla` VALUES (1,1,23,'কুতুবদিয়া'),(2,1,23,'কক্সবাজার সদর'),(3,1,23,'চকরিয়া'),(4,1,29,'উখিয়া'),(5,1,23,'মহেশখালী'),(6,1,23,'রামু'),(7,1,23,'টেকনাফ'),(8,2,21,'অষ্টগ্রাম'),(9,2,21,'ইটনা'),(10,2,8,'কটিয়াদী'),(11,2,9,'করিমগঞ্জ'),(12,2,8,'কুলিয়ারচর'),(13,2,8,'কিশোরগঞ্জ সদর'),(14,2,9,'তাড়াইল'),(15,2,21,'নিকলী'),(16,2,8,'পাকুন্দিয়া'),(17,2,8,'বাজিতপুর'),(18,2,16,'ভৈরব'),(19,2,21,'মিঠামইন'),(20,2,8,'হোসেনপুর'),(21,3,3,'উলিপুর'),(22,3,3,'কুড়িগ্রাম সদর'),(23,3,3,'চিলমারী'),(24,3,3,'নাগেশ্বরী'),(25,3,3,'ফুলবাড়ি'),(26,3,3,'ভূরুঙ্গামারী'),(27,3,3,'রাজার হাট'),(28,3,7,'রাজিবপুর'),(29,3,7,'রৌমারী'),(30,4,22,'কুমিল্লা সদর'),(31,4,19,'চান্দিনা'),(32,4,19,'চৌদ্দগ্রাম'),(33,4,16,'দাউদকান্দি'),(34,4,19,'দেবীদার'),(35,4,19,'নাঙ্গলকোট'),(36,4,19,'বুড়িচং'),(37,4,19,'বরুড়া'),(38,4,19,'ব্রাক্ষণপাড়া'),(39,4,19,'মুরাদনগর'),(40,4,19,'লাকসাম'),(41,4,16,'হোমনা'),(57,5,11,'কুমারখালী'),(58,5,11,'কুষ্টিয়া সদর'),(59,5,12,'খোকসা'),(60,5,11,'দৌলতপুর'),(61,5,12,'ভেড়ামারা'),(62,5,12,'মিরপুর'),(63,6,13,'কয়রা'),(64,6,11,'খুলনা সদর'),(65,6,13,'ডুমুরিয়া'),(66,6,14,'তেরখাদা'),(67,6,13,'দাকোপ'),(68,6,11,'দিঘলিয়া'),(69,6,13,'পাইকগাছা'),(70,6,14,'ফুলতলা'),(71,6,13,'বটিয়াঘাটা'),(72,6,11,'রুপসা'),(73,7,29,'খাগড়াছড়ি সদর'),(74,7,29,'দিঘীনালা'),(75,7,29,'পানছড়ি'),(76,7,29,'মহালছড়ি'),(77,7,29,'মাটিরাংগা'),(78,7,29,'মানিকছড়ী'),(79,7,29,'রামগড়'),(80,7,29,'লক্ষ্ণীছড়ি'),(81,8,28,'কাপাসিয়া'),(82,8,28,'কালিয়াকৈর'),(83,8,28,'কালীগঞ্জ'),(84,8,28,'গাজীপুর সদর'),(85,8,28,'শ্রীপুর'),(86,9,12,'কাশিয়ানী'),(87,9,14,'কোটালীপাড়া'),(88,9,14,'গোপালগঞ্জ সদর'),(89,9,12,'টুংগীপাড়া'),(90,9,14,'মুকসুদপুর'),(91,10,23,'আনোয়ারা'),(92,10,29,'চন্দনাইশ'),(93,10,23,'পটিয়া'),(94,10,23,'ফটিকছড়ি'),(95,10,23,'বাঁশখালী'),(96,10,23,'বোয়ালখালি'),(97,10,23,'মীরসরাই'),(99,10,29,'রাংগুনিয়া'),(100,10,18,'সন্দীপ'),(101,10,23,'সাতকানিয়া'),(102,10,23,'সীতাকুন্ড'),(103,10,23,'হাটহাজারী'),(104,11,11,'আলমডাংগা'),(105,11,11,'চুয়াডাংগা সদর'),(106,11,11,'জীবননগর'),(107,11,11,'দামুরহুদা'),(108,12,19,'কচুয়া'),(109,12,17,'চাঁদপুর সদর'),(110,12,17,'ফরিদগঞ্জ'),(111,12,16,'মতলব'),(112,12,19,'শাহরাস্তি'),(113,12,17,'হাইমচর'),(114,12,19,'হাজীগঞ্জ'),(115,13,6,'গোমস্তাপুর'),(116,13,6,'নবাবগঞ্জ'),(117,13,6,'নাচোল'),(118,13,10,'ভোলাহাট'),(119,13,11,'শিবগঞ্জ'),(120,14,25,'আক্কেলপুর'),(121,14,25,'ক্ষেতলাল'),(122,14,25,'কালাই'),(123,14,3,'জয়পুরহাট সদর'),(124,15,13,'কাঠালিয়া'),(125,15,13,'ঝালকাঠি সদর'),(126,15,13,'নলছিটি'),(127,15,13,'রাজাপুর'),(128,16,11,'কালিগঞ্জ'),(129,16,11,'কোটচাঁদপুর'),(130,16,11,'ঝিনাইদহ সদর'),(131,16,11,'মহেশপুর'),(132,16,11,'শৈলকুপা'),(133,16,11,'হরিনাকুন্ড'),(134,17,8,'কালিহাতি'),(135,17,8,'গোপালপুর'),(136,17,9,'ঘাটাইল'),(137,17,8,'টাঙ্গাইল সদর'),(138,17,8,'দেলদুয়ার'),(139,17,8,'নাগরপুর'),(140,17,9,'বাসাইল'),(141,17,7,'ভুয়াপুর'),(142,17,28,'মধুপুর'),(143,17,8,'মির্জাপুর'),(144,17,28,'সখিপুর'),(145,18,1,'ঠাকুরগাঁও সদর'),(146,18,1,'পীরগঞ্জ'),(147,18,1,'বালিয়াডাংগী'),(148,18,1,'রাণীশংকাইল'),(149,18,1,'হরিপুর'),(150,19,8,'কেরাণীগঞ্জ'),(151,19,28,'তেজগাঁও'),(152,19,12,'দোহার'),(153,19,8,'ধামরাই'),(154,19,12,'নবাবগঞ্জ'),(155,19,28,'সাভার'),(156,20,1,'কাহারোল'),(157,20,1,'খানসামা'),(158,20,22,'ঘোড়াঘাট'),(159,20,3,'চিরিরবন্দর'),(160,20,25,'দিনাজপুর সদর'),(161,20,27,'নবাবগঞ্জ'),(162,20,25,'পার্বতীপুর'),(163,20,3,'ফুলবাড়ী'),(164,20,1,'বিরগঞ্জ'),(165,20,1,'বিরল'),(166,20,25,'বিরামপুর'),(167,20,1,'বোচাগঞ্জ'),(168,20,25,'হাকিমপুর'),(169,21,5,'আত্রাই'),(170,21,25,'ধামইরহাট'),(171,21,3,'নওগাঁ সদর'),(172,21,26,'নিয়ামতপুর'),(173,21,25,'পত্নীতলা'),(174,21,26,'পোরশা'),(175,21,3,'বদলগাছিয়া'),(176,21,25,'মহাদেবপুর'),(177,21,3,'মান্দা'),(178,21,25,'রাণীনগর'),(179,21,26,'সাপাহার'),(181,22,12,'কালিয়া'),(182,22,12,'নড়াইল সদর'),(183,22,12,'লোহাগড়া'),(184,23,9,'নরসিংদী সদর'),(185,23,9,'পলাশ'),(186,23,8,'বেলাব'),(187,23,9,'মনোহরদী'),(188,23,16,'রায়পুরা'),(189,23,9,'শিবপুর'),(190,24,12,'গুরুদাসপুর'),(191,24,11,'নাটোর সদর'),(192,24,11,'বড়াইগ্রাম'),(193,24,11,'বাগাতিপাড়া'),(194,24,11,'লালপুর'),(195,24,5,'সিংড়া'),(196,25,9,'আড়াইহাজার'),(197,25,28,'রুপগঞ্জ'),(198,25,9,'সোনার গাঁও'),(199,26,3,'কিশোরগঞ্জ'),(200,26,3,'জলঢাকা'),(201,26,3,'ডিমলা'),(202,26,3,'ডোমার'),(203,26,3,'নীলফামারী সদর'),(204,26,3,'সৈয়দপুর'),(205,27,9,'আটপাড়া'),(206,27,22,'কলমাকান্দা'),(207,27,9,'কেন্দুয়া'),(208,27,21,'খালিয়াজুরী'),(209,27,21,'দুর্গাপুর'),(210,27,9,'নেত্রকোনা সদর'),(211,27,9,'পূর্বধোলা'),(212,27,9,'বারহাট্রা'),(213,27,9,'মদন'),(214,27,21,'মোহনগঞ্জ'),(215,28,3,'গাইবান্ধা সদর'),(216,28,3,'গোবিন্দগঞ্জ'),(217,28,3,'পলাশবাড়ী'),(218,28,3,'ফুলছড়ি'),(219,28,3,'সুন্দরগঞ্জ'),(220,28,3,'সাঘাটা'),(221,28,3,'সাদুল্লাপুর'),(222,29,18,'কোম্পানীগঞ্জ'),(223,29,19,'চাটখিল'),(224,29,19,'বেগমগঞ্জ'),(225,29,19,'সুধারাম'),(226,29,19,'সেনবাগ'),(227,29,18,'হাতিয়া'),(228,30,1,'আটোয়ারী'),(229,30,1,'তেতুলিয়া'),(230,30,3,'দেবীগঞ্জ'),(231,30,1,'পঞ্চগড় সদর'),(232,30,1,'বোদা'),(233,31,13,'কলাপাড়া'),(234,31,18,'গলাচিপা'),(235,31,13,'দুমকি'),(236,31,13,'দশমিনা'),(237,31,13,'পটুয়াখালি সদর'),(238,31,13,'বাউফল'),(239,31,13,'মির্জাগঞ্জ'),(240,32,12,'আটঘরিয়া'),(241,32,11,'ঈশরদী'),(242,32,12,'চাটমোহর'),(243,32,11,'পাবনা সদর'),(244,32,12,'ফরিদপুর'),(245,32,12,'বেড়া'),(246,32,12,'ভাঙ্গুড়া'),(247,32,12,'সুজানগর'),(248,32,12,'সাঁথিয়া'),(249,33,13,'কাউখালী'),(250,33,13,'নাজিরপুর'),(251,33,13,'নেছারাবাদ'),(252,33,13,'পিরোজপুর সদর'),(253,33,13,'ভান্ডারিয়া'),(254,33,13,'মঠবাড়িয়া'),(255,34,12,'আলফাডাংগা'),(256,34,10,'চরভদ্রাশন'),(257,34,12,'নগরকান্দা'),(258,34,12,'ফরিদপুর সদর'),(259,34,12,'বোয়ালমারী'),(260,34,12,'ভাঙ্গা'),(261,34,12,'মধুখালী'),(262,34,10,'সদরপুর'),(263,35,23,'ছাগলনাইয়া'),(264,35,19,'দাগনভূঁইয়া'),(265,35,23,'পরশ্তরাম'),(266,35,19,'ফেনী সদর'),(267,35,18,'সোনাগাজী'),(268,36,25,'আদমদিঘী'),(269,36,25,'কাহালু'),(270,36,4,'গাবতলী'),(271,36,25,'দুপচাঁচিয়া'),(272,36,4,'ধূনট'),(273,36,25,'নন্দীগ্রাম'),(274,36,25,'বগুড়া সদর'),(275,36,25,'শাজাহানপুর'),(276,36,3,'শিবগঞ্জ'),(277,36,4,'শেরপুর'),(278,36,4,'সারিয়াকান্দি'),(279,36,4,'সোনাতলা'),(280,37,13,'আমতলী'),(281,37,13,'পাথরঘাটা'),(282,37,13,'বরগুনা সদর'),(283,37,13,'বামনা'),(284,37,13,'বেতাগী'),(285,38,30,'আখাউড়া'),(286,38,19,'কসবা'),(287,38,19,'নবিনগর'),(288,38,19,'নাছিরনগর'),(289,38,19,'ব্রাক্ষণবাড়িয়া সদর'),(290,38,16,'বাঞ্চারামপুর'),(291,38,19,'সরাইল'),(292,39,19,'আগৈলঝরা'),(293,39,19,'উজিরপুর'),(294,39,12,'গৌরনদি'),(295,39,13,'বরিশাল সদর'),(296,39,13,'বাকেরগঞ্জ'),(297,39,13,'বানারিপাড়া'),(298,39,13,'বাবুগঞ্জ'),(299,39,13,'মূলাদী'),(300,39,13,'মেহেন্দিগঞ্জ'),(301,39,18,'হিজলা'),(302,40,13,'কচুয়া'),(303,40,14,'চিতলামারি'),(304,40,11,'ফকিরহাট'),(305,40,11,'বাগেরহাট সদর'),(306,40,13,'মোংলা'),(307,40,13,'মোরেলগঞ্জ'),(308,40,14,'মোল্লাহাট'),(309,40,13,'রামপাল'),(310,40,13,'শরণখোলা'),(311,41,29,'আলীকদম'),(312,41,29,'থানছি'),(313,41,29,'নাইখ্যাংছড়ি'),(314,41,29,'বান্দরবান সদর'),(315,41,29,'রুমা'),(316,41,29,'রোয়াংছড়ি'),(317,41,29,'লামা'),(318,42,18,'চরফ্যাশন'),(319,42,18,'তজুমুদ্দিন'),(320,42,18,'দৌলতখান'),(321,42,18,'বোরহানউদ্দীন'),(322,42,18,'ভোলা সদর'),(323,42,18,'মনপুরা'),(324,42,18,'লালমোহন'),(325,43,16,'গজারিয়া'),(326,43,19,'টংগীবাড়ী'),(327,43,8,'মুন্সীগঞ্জ সদর'),(328,43,19,'লৌহজং'),(329,43,15,'শ্রীনগর'),(330,43,8,'সিরাজদিখান'),(331,44,8,'ঈশরগঞ্জ'),(332,44,9,'গফরগাঁও'),(333,44,9,'গৌরীপুর'),(334,44,9,'ত্রিশাল'),(335,44,22,'ধোবাউড়া'),(336,44,9,'নান্দাইল'),(337,44,9,'ফুলপুর'),(338,44,9,'ফুলবাড়িয়া'),(339,44,28,'ভালুকা'),(340,44,9,'মুক্তাগাছা'),(341,44,9,'ময়মনসিংহ সদর'),(342,44,22,'হালুয়াঘাট'),(343,45,11,'মাগুরা সদর'),(344,45,12,'মোহাম্মদপুর'),(345,45,11,'শ্রীপুর'),(346,45,11,'শালিখা'),(347,46,12,'কালকিনি'),(348,46,12,'মাদারীপুর সদর'),(349,46,12,'রাজৈর'),(350,46,12,'শিবচর'),(351,47,12,'ঘিওর'),(352,47,8,'দৌলতপুর'),(353,47,8,'মানিকগঞ্জ সদর'),(354,47,12,'শিবালয়'),(355,47,8,'সাটুরিয়া'),(356,47,8,'সিংগাইর'),(357,47,12,'হরিরামপুর'),(358,48,11,'গাংনী'),(359,48,11,'মেহেরপুর সদর'),(360,49,29,'কমলগঞ্জ'),(361,49,29,'কুলাউড়া'),(362,49,29,'বড়লেখা'),(363,49,20,'মৌলভীবাজার সদর'),(364,49,20,'রাজনগর'),(365,49,22,'শ্রীমঙ্গল'),(366,50,14,'অভয়নগর'),(367,50,11,'কেশবপুর'),(368,50,11,'চৌগাছা'),(369,50,11,'ঝিকরগাছা'),(370,50,11,'বাঘেরপাড়া'),(371,50,11,'মনিরামপুর'),(372,50,11,'যশোর সদর'),(373,50,11,'সারসা'),(374,51,3,'কাউনিয়া'),(375,51,3,'গংগাচড়া'),(376,51,3,'তারাগঞ্জ'),(377,51,3,'পীরগঞ্জ'),(378,51,3,'পীরগাছা'),(379,51,3,'বদরগঞ্জ'),(380,51,3,'মিঠাপুকুর'),(381,51,3,'রংপুর সদর'),(382,52,29,'কাউখালী'),(383,52,29,'কাপ্তাই'),(384,52,29,'জুরাছড়ি'),(385,52,29,'নানিয়ারচর'),(386,52,29,'বরকল'),(387,52,29,'বাঘাইছড়ি'),(388,52,29,'বিলাইছড়ি'),(389,52,29,'বেতবুনিয়া'),(390,52,29,'রাংগামাটি সদর'),(391,52,29,'রাজস্থলী'),(392,52,29,'লংগদু'),(393,53,12,'গোয়ালন্দ'),(394,53,12,'পাংসা'),(395,53,12,'বালিয়াকান্দি'),(396,53,12,'রাজবাড়ী সদর'),(397,54,25,'গোদাগাড়ী'),(398,54,11,'চারঘাট'),(399,54,25,'তানোর'),(400,54,11,'দুর্গাপুর'),(401,54,11,'পুঠিয়া'),(402,54,11,'পবা'),(403,54,11,'বাঘমারা'),(404,54,11,'বাঘা'),(405,54,11,'মোহনপুর'),(406,55,19,'রামগঞ্জ'),(407,55,18,'রামগতি'),(408,55,18,'রায়পুর'),(409,55,18,'লক্ষ্মীপুর সদর'),(410,56,3,'আদিতমারী'),(411,56,3,'কালিগঞ্জ'),(412,56,3,'পাটগ্রাম'),(413,56,3,'লানমনিরহাট সদর'),(414,56,3,'হাতীবান্ধা'),(415,57,10,'গোসাইরহাট'),(416,57,12,'জাজিরা'),(417,57,12,'ডামুড্যা'),(418,57,10,'নড়িয়া'),(419,57,10,'ভেদরগঞ্জ'),(420,57,12,'শরিয়তপুর সদর'),(421,58,22,'ঝিনাইগাতি'),(422,58,9,'নকলা'),(423,58,22,'নালিতাবাড়ী'),(424,58,9,'শ্রীবর্দী'),(425,58,9,'শেরপুর সদর'),(426,59,20,'ছাতক'),(427,59,21,'জগন্নাথ পুর'),(428,59,21,'জামালগঞ্জ'),(429,59,22,'তাহিরপুর'),(430,59,21,'দিরাই'),(431,59,22,'দোয়ারাবাজার'),(432,59,21,'ধর্ম পাশা'),(433,59,22,'বিশ্বমপুর'),(434,59,21,'শাল্লা'),(435,59,21,'সুনামগঞ্জ সদর'),(436,60,11,'আশাশুনি'),(437,60,11,'কলারোয়া'),(438,60,13,'কালিগঞ্জ'),(439,60,11,'তালা'),(440,60,13,'দেবহাটা'),(441,60,13,'শ্যামনগর'),(442,60,11,'সাতক্ষীরা সদর'),(443,61,4,'উল্লাপাড়া'),(444,61,7,'কাজিপুর'),(445,61,4,'কামারখন্দ'),(446,61,7,'চৌহালী'),(447,61,25,'তারাশ'),(448,61,4,'বেলকুচি'),(449,61,4,'রায়গঞ্জ'),(450,61,4,'শাহজাদপুর'),(451,61,4,'সিরাজগঞ্জ সদর'),(452,62,20,'কানাইঘাট'),(453,62,20,'কোম্পানীগঞ্জ'),(454,62,20,'গোয়াইনঘাট'),(455,62,20,'গোলাপগঞ্জ'),(456,62,20,'জকিগঞ্জ'),(457,62,20,'জৈন্তাপুর'),(458,62,20,'দক্ষিণ সুরমা'),(459,62,20,'ফেঞ্চুগঞ্জ'),(460,62,20,'বালাগঞ্জ'),(461,62,20,'বিয়ানীবাজার'),(462,62,20,'বিশনাথ'),(463,62,20,'সিলেট সদর'),(464,63,21,'আজমিরীগঞ্জ'),(465,63,29,'চুনারুঘাট'),(466,63,20,'নবীগঞ্জ'),(467,63,19,'বানিয়াচং'),(468,63,22,'বাহুবল'),(469,63,19,'মাধবপুর'),(470,63,21,'লাখাই'),(471,63,22,'হবিগঞ্জ সদর');
/*!40000 ALTER TABLE `upazilla` ENABLE KEYS */;
UNLOCK TABLES;
/*!40103 SET TIME_ZONE=@OLD_TIME_ZONE */;

/*!40101 SET SQL_MODE=@OLD_SQL_MODE */;
/*!40014 SET FOREIGN_KEY_CHECKS=@OLD_FOREIGN_KEY_CHECKS */;
/*!40014 SET UNIQUE_CHECKS=@OLD_UNIQUE_CHECKS */;
/*!40101 SET CHARACTER_SET_CLIENT=@OLD_CHARACTER_SET_CLIENT */;
/*!40101 SET CHARACTER_SET_RESULTS=@OLD_CHARACTER_SET_RESULTS */;
/*!40101 SET COLLATION_CONNECTION=@OLD_COLLATION_CONNECTION */;
/*!40111 SET SQL_NOTES=@OLD_SQL_NOTES */;

-- Dump completed on 2017-05-30 15:23:35
